"doc_id","date","text","sentence","sentence_num","joy","sadness","anger","fear","trust","year","month","day","hour"
"20230101_1",2023-01-01,"The weather was beautiful. Taking time for self-care really helped. I felt quite stressed at work. Spent time reflecting on my goals.","The weather was beautiful.",1,0.892419044394046,0.551435014465824,0.456614735303447,0.956833345349878,0.453334156190977,"2023","01","01",21
"20230101_1",2023-01-01,"The weather was beautiful. Taking time for self-care really helped. I felt quite stressed at work. Spent time reflecting on my goals.","Taking time for self-care really helped.",2,0.677570635452867,0.572633401956409,0.102924682665616,0.899824970401824,0.24608773435466,"2023","01","01",10
"20230101_1",2023-01-01,"The weather was beautiful. Taking time for self-care really helped. I felt quite stressed at work. Spent time reflecting on my goals.","I felt quite stressed at work.",3,0.0420595335308462,0.327920719282702,0.954503649147227,0.889539316063747,0.6928034061566,"2023","01","01",18
"20230101_1",2023-01-01,"The weather was beautiful. Taking time for self-care really helped. I felt quite stressed at work. Spent time reflecting on my goals.","Spent time reflecting on my goals.",4,0.640506813768297,0.994269776623696,0.655705799115822,0.708530468167737,0.544066024711356,"2023","01","01",11
"20230101_2",2023-01-01,"Made significant progress on my project. The meeting went better than expected. Things didn't go as planned.","Made significant progress on my project.",1,0.690705278422683,0.795467417687178,0.0246136845089495,0.477795971091837,0.758459537522867,"2023","01","01",22
"20230101_2",2023-01-01,"Made significant progress on my project. The meeting went better than expected. Things didn't go as planned.","The meeting went better than expected.",2,0.216407935833558,0.318181007634848,0.231625785352662,0.142800022382289,0.414546335814521,"2023","01","01",16
"20230101_2",2023-01-01,"Made significant progress on my project. The meeting went better than expected. Things didn't go as planned.","Things didn't go as planned.",3,0.413724326295778,0.368845450924709,0.152444747742265,0.13880606344901,0.233034099452198,"2023","01","01",12
"20230101_3",2023-01-01,"Made significant progress on my project. Feeling optimistic about the future. Taking time for self-care really helped.","Made significant progress on my project.",1,0.12189925997518,0.560947983758524,0.20653138961643,0.127531650243327,0.753307864302769,"2023","01","01",21
"20230101_3",2023-01-01,"Made significant progress on my project. Feeling optimistic about the future. Taking time for self-care really helped.","Feeling optimistic about the future.",2,0.895045359153301,0.374462775886059,0.665115194628015,0.0948406609240919,0.383969637798145,"2023","01","01",9
"20230101_3",2023-01-01,"Made significant progress on my project. Feeling optimistic about the future. Taking time for self-care really helped.","Taking time for self-care really helped.",3,0.27438364457339,0.814640038879588,0.448516341391951,0.810064353048801,0.812389509519562,"2023","01","01",16
"20230102_1",2023-01-02,"Things didn't go as planned. Feeling optimistic about the future.","Things didn't go as planned.",1,0.710182401351631,0.000624773325398564,0.475316574098542,0.220118885161355,0.379816537722945,"2023","01","02",8
"20230102_1",2023-01-02,"Things didn't go as planned. Feeling optimistic about the future.","Feeling optimistic about the future.",2,0.612771003274247,0.351797909243032,0.111135424347594,0.243619472719729,0.66805558744818,"2023","01","02",14
"20230102_2",2023-01-02,"Spent time reflecting on my goals. Things didn't go as planned. The meeting went better than expected. Made significant progress on my project.","Spent time reflecting on my goals.",1,0.893051114398986,0.886469060787931,0.175052650272846,0.130695691565052,0.653101925039664,"2023","01","02",22
"20230102_2",2023-01-02,"Spent time reflecting on my goals. Things didn't go as planned. The meeting went better than expected. Made significant progress on my project.","Things didn't go as planned.",2,0.343516472261399,0.656758127966896,0.320373242488131,0.187691119266674,0.782294301316142,"2023","01","02",8
"20230102_2",2023-01-02,"Spent time reflecting on my goals. Things didn't go as planned. The meeting went better than expected. Made significant progress on my project.","The meeting went better than expected.",3,0.0935949867125601,0.46677904156968,0.511505459900945,0.59998895926401,0.332823540316895,"2023","01","02",13
"20230102_2",2023-01-02,"Spent time reflecting on my goals. Things didn't go as planned. The meeting went better than expected. Made significant progress on my project.","Made significant progress on my project.",4,0.488613033667207,0.954473827499896,0.4829023971688,0.890350222121924,0.914438186911866,"2023","01","02",20
"20230102_3",2023-01-02,"The weather was beautiful. Spent time reflecting on my goals. The meeting went better than expected. Things didn't go as planned.","The weather was beautiful.",1,0.0607205715496093,0.947726940037683,0.720596273429692,0.142294295597821,0.549284656066447,"2023","01","02",8
"20230102_3",2023-01-02,"The weather was beautiful. Spent time reflecting on my goals. The meeting went better than expected. Things didn't go as planned.","Spent time reflecting on my goals.",2,0.95409123855643,0.585483353119344,0.404510281747207,0.64789347932674,0.319820617092773,"2023","01","02",13
"20230102_3",2023-01-02,"The weather was beautiful. Spent time reflecting on my goals. The meeting went better than expected. Things didn't go as planned.","The meeting went better than expected.",3,0.307720010867342,0.219767631264403,0.369488865835592,0.984219203470275,0.154202300822362,"2023","01","02",15
"20230102_3",2023-01-02,"The weather was beautiful. Spent time reflecting on my goals. The meeting went better than expected. Things didn't go as planned.","Things didn't go as planned.",4,0.0910439998842776,0.141906907781959,0.690007101511583,0.619256483390927,0.891394117148593,"2023","01","02",17
"20230103_1",2023-01-03,"Taking time for self-care really helped. I felt quite stressed at work. The meeting went better than expected.","Taking time for self-care really helped.",1,0.979821917368099,0.439431536244228,0.31170220207423,0.409474952612072,0.0104671118315309,"2023","01","03",19
"20230103_1",2023-01-03,"Taking time for self-care really helped. I felt quite stressed at work. The meeting went better than expected.","I felt quite stressed at work.",2,0.18384952400811,0.842729318886995,0.231161782052368,0.239099955651909,0.0766911653336138,"2023","01","03",9
"20230103_1",2023-01-03,"Taking time for self-care really helped. I felt quite stressed at work. The meeting went better than expected.","The meeting went better than expected.",3,0.245723678031936,0.73213520552963,0.847453165100887,0.497527267085388,0.387909029843286,"2023","01","03",12
"20230103_2",2023-01-03,"Today was a good day. Made significant progress on my project. The weather was beautiful. The meeting went better than expected. Feeling optimistic about the future.","Today was a good day.",1,0.21799066872336,0.502299563260749,0.353904571849853,0.64998515881598,0.374713956611231,"2023","01","03",17
"20230103_2",2023-01-03,"Today was a good day. Made significant progress on my project. The weather was beautiful. The meeting went better than expected. Feeling optimistic about the future.","Made significant progress on my project.",2,0.355445380788296,0.533687945455313,0.740334360394627,0.221102937823161,0.41274611861445,"2023","01","03",9
"20230103_2",2023-01-03,"Today was a good day. Made significant progress on my project. The weather was beautiful. The meeting went better than expected. Feeling optimistic about the future.","The weather was beautiful.",3,0.265686686849222,0.629973053466529,0.183828490786254,0.86364411143586,0.746568004135042,"2023","01","03",12
"20230103_2",2023-01-03,"Today was a good day. Made significant progress on my project. The weather was beautiful. The meeting went better than expected. Feeling optimistic about the future.","The meeting went better than expected.",4,0.668284649727866,0.618017873261124,0.372238060226664,0.529835685854778,0.874682342866436,"2023","01","03",19
"20230103_2",2023-01-03,"Today was a good day. Made significant progress on my project. The weather was beautiful. The meeting went better than expected. Feeling optimistic about the future.","Feeling optimistic about the future.",5,0.581750099780038,0.839767764788121,0.312448164913803,0.70829032221809,0.265017806086689,"2023","01","03",10
"20230104_1",2023-01-04,"Taking time for self-care really helped. The meeting went better than expected. Made significant progress on my project.","Taking time for self-care really helped.",1,0.901874389499426,0.274166621500626,0.321482756407931,0.985640884377062,0.619993310188875,"2023","01","04",13
"20230104_1",2023-01-04,"Taking time for self-care really helped. The meeting went better than expected. Made significant progress on my project.","The meeting went better than expected.",2,0.937314089154825,0.466532702324912,0.406832593260333,0.659230324206874,0.152346616843715,"2023","01","04",20
"20230104_1",2023-01-04,"Taking time for self-care really helped. The meeting went better than expected. Made significant progress on my project.","Made significant progress on my project.",3,0.572867058217525,0.238726026844233,0.962358936434612,0.601365725975484,0.515029727248475,"2023","01","04",13
"20230104_2",2023-01-04,"Spent time reflecting on my goals. Things didn't go as planned. The weather was beautiful. Had a great conversation with friends. Taking time for self-care really helped.","Spent time reflecting on my goals.",1,0.21625478961505,0.674376388080418,0.0476636274252087,0.700853087473661,0.351888638455421,"2023","01","04",18
"20230104_2",2023-01-04,"Spent time reflecting on my goals. Things didn't go as planned. The weather was beautiful. Had a great conversation with friends. Taking time for self-care really helped.","Things didn't go as planned.",2,0.408943997928873,0.820951323956251,0.918857348151505,0.282528330106288,0.961104793706909,"2023","01","04",19
"20230104_2",2023-01-04,"Spent time reflecting on my goals. Things didn't go as planned. The weather was beautiful. Had a great conversation with friends. Taking time for self-care really helped.","The weather was beautiful.",3,0.728394428268075,0.686375082004815,0.0528439427725971,0.395220134640113,0.477845379849896,"2023","01","04",16
"20230104_2",2023-01-04,"Spent time reflecting on my goals. Things didn't go as planned. The weather was beautiful. Had a great conversation with friends. Taking time for self-care really helped.","Had a great conversation with friends.",4,0.56025326368399,0.698261594865471,0.915683538420126,0.618351227371022,0.428421508753672,"2023","01","04",13
"20230104_2",2023-01-04,"Spent time reflecting on my goals. Things didn't go as planned. The weather was beautiful. Had a great conversation with friends. Taking time for self-care really helped.","Taking time for self-care really helped.",5,0.54208036721684,0.058478488586843,0.260856857057661,0.397151953307912,0.197744736680761,"2023","01","04",11
"20230104_3",2023-01-04,"Had a great conversation with friends. Feeling optimistic about the future. Spent time reflecting on my goals.","Had a great conversation with friends.",1,0.311869746772572,0.724554346408695,0.398939824663103,0.969356411136687,0.967398370616138,"2023","01","04",22
"20230104_3",2023-01-04,"Had a great conversation with friends. Feeling optimistic about the future. Spent time reflecting on my goals.","Feeling optimistic about the future.",2,0.726702539017424,0.257216746453196,0.221787934657186,0.593045651679859,0.267521432135254,"2023","01","04",21
"20230104_3",2023-01-04,"Had a great conversation with friends. Feeling optimistic about the future. Spent time reflecting on my goals.","Spent time reflecting on my goals.",3,0.531070398865268,0.785291671287268,0.168060810538009,0.404399181017652,0.471576277632266,"2023","01","04",9
"20230105_1",2023-01-05,"Taking time for self-care really helped. Spent time reflecting on my goals. Made significant progress on my project. Things didn't go as planned. I felt quite stressed at work.","Taking time for self-care really helped.",1,0.34732463140972,0.0200243005529046,0.502813045633957,0.871043413644657,0.00630078394897282,"2023","01","05",14
"20230105_1",2023-01-05,"Taking time for self-care really helped. Spent time reflecting on my goals. Made significant progress on my project. Things didn't go as planned. I felt quite stressed at work.","Spent time reflecting on my goals.",2,0.0720571239944547,0.164211224997416,0.770334074273705,0.735184305813164,0.971875635674223,"2023","01","05",16
"20230105_1",2023-01-05,"Taking time for self-care really helped. Spent time reflecting on my goals. Made significant progress on my project. Things didn't go as planned. I felt quite stressed at work.","Made significant progress on my project.",3,0.466472376836464,0.0743845133110881,0.648818124318495,0.758593169506639,0.137106081005186,"2023","01","05",21
"20230105_1",2023-01-05,"Taking time for self-care really helped. Spent time reflecting on my goals. Made significant progress on my project. Things didn't go as planned. I felt quite stressed at work.","Things didn't go as planned.",4,0.396584594622254,0.224985329201445,0.0579585605300963,0.395892688306049,0.0649282999802381,"2023","01","05",20
"20230105_1",2023-01-05,"Taking time for self-care really helped. Spent time reflecting on my goals. Made significant progress on my project. Things didn't go as planned. I felt quite stressed at work.","I felt quite stressed at work.",5,0.225886432919651,0.05462910910137,0.670282039558515,0.297741782618687,0.100721582304686,"2023","01","05",18
"20230106_1",2023-01-06,"Made significant progress on my project. Things didn't go as planned.","Made significant progress on my project.",1,0.0990418293513358,0.798831611173227,0.784575266530737,0.00942990509793162,0.779065882787108,"2023","01","06",19
"20230106_1",2023-01-06,"Made significant progress on my project. Things didn't go as planned.","Things didn't go as planned.",2,0.729390651918948,0.630131852813065,0.480910829966888,0.15663685137406,0.00821551983244717,"2023","01","06",11
"20230107_1",2023-01-07,"Feeling optimistic about the future. The meeting went better than expected. Had a great conversation with friends. Things didn't go as planned.","Feeling optimistic about the future.",1,0.835708837024868,0.237749404972419,0.353986102622002,0.856885420158505,0.853763373801485,"2023","01","07",8
"20230107_1",2023-01-07,"Feeling optimistic about the future. The meeting went better than expected. Had a great conversation with friends. Things didn't go as planned.","The meeting went better than expected.",2,0.295895455405116,0.147048324579373,0.703992061316967,0.103806688217446,0.0337277729995549,"2023","01","07",19
"20230107_1",2023-01-07,"Feeling optimistic about the future. The meeting went better than expected. Had a great conversation with friends. Things didn't go as planned.","Had a great conversation with friends.",3,0.999404527945444,0.0348748040851206,0.338391283759847,0.91506376164034,0.617235269630328,"2023","01","07",15
"20230107_1",2023-01-07,"Feeling optimistic about the future. The meeting went better than expected. Had a great conversation with friends. Things didn't go as planned.","Things didn't go as planned.",4,0.286285348702222,0.737797403009608,0.834054309176281,0.314270780421793,0.492566547822207,"2023","01","07",19
"20230108_1",2023-01-08,"Feeling optimistic about the future. I felt quite stressed at work.","Feeling optimistic about the future.",1,0.526029660133645,0.225073350826278,0.486411764053628,0.370214798487723,0.983350180787966,"2023","01","08",10
"20230108_1",2023-01-08,"Feeling optimistic about the future. I felt quite stressed at work.","I felt quite stressed at work.",2,0.388319115154445,0.229244840331376,0.623297546291724,0.136540197068825,0.967469494324178,"2023","01","08",16
"20230108_2",2023-01-08,"Feeling optimistic about the future. Spent time reflecting on my goals. Taking time for self-care really helped. Made significant progress on my project. Had a great conversation with friends.","Feeling optimistic about the future.",1,0.143817043630406,0.192815946880728,0.896738682640716,0.308119554305449,0.363300543511286,"2023","01","08",20
"20230108_2",2023-01-08,"Feeling optimistic about the future. Spent time reflecting on my goals. Taking time for self-care really helped. Made significant progress on my project. Had a great conversation with friends.","Spent time reflecting on my goals.",2,0.783946478739381,0.193378679919988,0.0177658118773252,0.406607866287231,0.483167669270188,"2023","01","08",19
"20230108_2",2023-01-08,"Feeling optimistic about the future. Spent time reflecting on my goals. Taking time for self-care really helped. Made significant progress on my project. Had a great conversation with friends.","Taking time for self-care really helped.",3,0.421844950178638,0.342808801680803,0.866483314661309,0.455108050955459,0.533764873631299,"2023","01","08",13
"20230108_2",2023-01-08,"Feeling optimistic about the future. Spent time reflecting on my goals. Taking time for self-care really helped. Made significant progress on my project. Had a great conversation with friends.","Made significant progress on my project.",4,0.963843331905082,0.774591542081907,0.208876348566264,0.308786832727492,0.971342450240627,"2023","01","08",10
"20230108_2",2023-01-08,"Feeling optimistic about the future. Spent time reflecting on my goals. Taking time for self-care really helped. Made significant progress on my project. Had a great conversation with friends.","Had a great conversation with friends.",5,0.584900093497708,0.760823625372723,0.372709394432604,0.769193911226466,0.5376771830488,"2023","01","08",19
"20230108_3",2023-01-08,"The weather was beautiful. Had a great conversation with friends. Taking time for self-care really helped. Spent time reflecting on my goals. Made significant progress on my project.","The weather was beautiful.",1,0.105417746119201,0.2395946290344,0.270544872386381,0.10105849406682,0.11791384126991,"2023","01","08",19
"20230108_3",2023-01-08,"The weather was beautiful. Had a great conversation with friends. Taking time for self-care really helped. Spent time reflecting on my goals. Made significant progress on my project.","Had a great conversation with friends.",2,0.991236555855721,0.986054297303781,0.137067471398041,0.90530958166346,0.576301837572828,"2023","01","08",19
"20230108_3",2023-01-08,"The weather was beautiful. Had a great conversation with friends. Taking time for self-care really helped. Spent time reflecting on my goals. Made significant progress on my project.","Taking time for self-care really helped.",3,0.395448859082535,0.449802484130487,0.70650190114975,0.0825027457904071,0.339312580181286,"2023","01","08",18
"20230108_3",2023-01-08,"The weather was beautiful. Had a great conversation with friends. Taking time for self-care really helped. Spent time reflecting on my goals. Made significant progress on my project.","Spent time reflecting on my goals.",4,0.680787551216781,0.316949248081073,0.831568598048761,0.215172082651407,0.497948936186731,"2023","01","08",10
"20230108_3",2023-01-08,"The weather was beautiful. Had a great conversation with friends. Taking time for self-care really helped. Spent time reflecting on my goals. Made significant progress on my project.","Made significant progress on my project.",5,0.276049672625959,0.192023318726569,0.950621264055371,0.321725537767634,0.478456383803859,"2023","01","08",18
"20230109_1",2023-01-09,"Feeling optimistic about the future. Today was a good day. The weather was beautiful. Had a great conversation with friends.","Feeling optimistic about the future.",1,0.388204663759097,0.160475092474371,0.862551897531375,0.953101213788614,0.563644683454186,"2023","01","09",22
"20230109_1",2023-01-09,"Feeling optimistic about the future. Today was a good day. The weather was beautiful. Had a great conversation with friends.","Today was a good day.",2,0.329547413391992,0.996617218712345,0.234819675795734,0.612671965267509,0.10817852942273,"2023","01","09",11
"20230109_1",2023-01-09,"Feeling optimistic about the future. Today was a good day. The weather was beautiful. Had a great conversation with friends.","The weather was beautiful.",3,0.487032569944859,0.099445823347196,0.16116576269269,0.282992870779708,0.583872335962951,"2023","01","09",13
"20230109_1",2023-01-09,"Feeling optimistic about the future. Today was a good day. The weather was beautiful. Had a great conversation with friends.","Had a great conversation with friends.",4,0.731707658851519,0.165520911104977,0.866467763204128,0.708574137184769,0.76039953622967,"2023","01","09",18
"20230109_2",2023-01-09,"Taking time for self-care really helped. Had a great conversation with friends. Things didn't go as planned. The meeting went better than expected. Feeling optimistic about the future.","Taking time for self-care really helped.",1,0.81182741606608,0.747516322182491,0.154911725781858,0.124742088606581,0.974725808482617,"2023","01","09",18
"20230109_2",2023-01-09,"Taking time for self-care really helped. Had a great conversation with friends. Things didn't go as planned. The meeting went better than expected. Feeling optimistic about the future.","Had a great conversation with friends.",2,0.436129996087402,0.464016626821831,0.16529808123596,0.584936557337642,0.27077801944688,"2023","01","09",9
"20230109_2",2023-01-09,"Taking time for self-care really helped. Had a great conversation with friends. Things didn't go as planned. The meeting went better than expected. Feeling optimistic about the future.","Things didn't go as planned.",3,0.230096920393407,0.691207831492648,0.282852399628609,0.810398066183552,0.0939166070893407,"2023","01","09",14
"20230109_2",2023-01-09,"Taking time for self-care really helped. Had a great conversation with friends. Things didn't go as planned. The meeting went better than expected. Feeling optimistic about the future.","The meeting went better than expected.",4,0.822030071169138,0.427428280701861,0.755887259729207,0.662385506555438,0.444527396932244,"2023","01","09",19
"20230109_2",2023-01-09,"Taking time for self-care really helped. Had a great conversation with friends. Things didn't go as planned. The meeting went better than expected. Feeling optimistic about the future.","Feeling optimistic about the future.",5,0.627146184444427,0.000465349061414599,0.217243514023721,0.704872245667502,0.215166488196701,"2023","01","09",13
"20230109_3",2023-01-09,"Taking time for self-care really helped. Feeling optimistic about the future. Had a great conversation with friends.","Taking time for self-care really helped.",1,0.127705687889829,0.678223857423291,0.42894859588705,0.834400977939367,0.971438066801056,"2023","01","09",14
"20230109_3",2023-01-09,"Taking time for self-care really helped. Feeling optimistic about the future. Had a great conversation with friends.","Feeling optimistic about the future.",2,0.0704889777116477,0.45978519320488,0.70158511842601,0.0869401679374278,0.992944016121328,"2023","01","09",11
"20230109_3",2023-01-09,"Taking time for self-care really helped. Feeling optimistic about the future. Had a great conversation with friends.","Had a great conversation with friends.",3,0.253098994027823,0.0495384356472641,0.686324946815148,0.786927352659404,0.353606075979769,"2023","01","09",14
"20230110_1",2023-01-10,"The weather was beautiful. Taking time for self-care really helped. Things didn't go as planned. Today was a good day.","The weather was beautiful.",1,0.464713774155825,0.0825311816297472,0.860106846084818,0.395660639973357,0.735899350373074,"2023","01","10",17
"20230110_1",2023-01-10,"The weather was beautiful. Taking time for self-care really helped. Things didn't go as planned. Today was a good day.","Taking time for self-care really helped.",2,0.171743405982852,0.454761631321162,0.770204759435728,0.0626499983482063,0.815081495093182,"2023","01","10",21
"20230110_1",2023-01-10,"The weather was beautiful. Taking time for self-care really helped. Things didn't go as planned. Today was a good day.","Things didn't go as planned.",3,0.301142524462193,0.364671027986333,0.312112791929394,0.0373699648771435,0.51880492339842,"2023","01","10",22
"20230110_1",2023-01-10,"The weather was beautiful. Taking time for self-care really helped. Things didn't go as planned. Today was a good day.","Today was a good day.",4,0.679013415705413,0.903233560267836,0.0255266984459013,0.989078270737082,0.302887624595314,"2023","01","10",19
"20230110_2",2023-01-10,"Spent time reflecting on my goals. I felt quite stressed at work. Feeling optimistic about the future. Taking time for self-care really helped. The meeting went better than expected.","Spent time reflecting on my goals.",1,0.348719493718818,0.829250823473558,0.535541391698644,0.274545363616198,0.800948211923242,"2023","01","10",20
"20230110_2",2023-01-10,"Spent time reflecting on my goals. I felt quite stressed at work. Feeling optimistic about the future. Taking time for self-care really helped. The meeting went better than expected.","I felt quite stressed at work.",2,0.091644694795832,0.832107774214819,0.276855072472245,0.753110099583864,0.964152570115402,"2023","01","10",11
"20230110_2",2023-01-10,"Spent time reflecting on my goals. I felt quite stressed at work. Feeling optimistic about the future. Taking time for self-care really helped. The meeting went better than expected.","Feeling optimistic about the future.",3,0.0814665600191802,0.854364746483043,0.802238217089325,0.385173604590818,0.327597399009392,"2023","01","10",16
"20230110_2",2023-01-10,"Spent time reflecting on my goals. I felt quite stressed at work. Feeling optimistic about the future. Taking time for self-care really helped. The meeting went better than expected.","Taking time for self-care really helped.",4,0.204938702983782,0.56938266265206,0.888055190443993,0.529714091448113,0.58695865678601,"2023","01","10",12
"20230110_2",2023-01-10,"Spent time reflecting on my goals. I felt quite stressed at work. Feeling optimistic about the future. Taking time for self-care really helped. The meeting went better than expected.","The meeting went better than expected.",5,0.665735142538324,0.529892458580434,0.509842899395153,0.0161604809109122,0.0477099849376827,"2023","01","10",22
"20230111_1",2023-01-11,"Spent time reflecting on my goals. Had a great conversation with friends. I felt quite stressed at work. Today was a good day. Things didn't go as planned.","Spent time reflecting on my goals.",1,0.906048111617565,0.587461367016658,0.423463650979102,0.949585322989151,0.709037903463468,"2023","01","11",18
"20230111_1",2023-01-11,"Spent time reflecting on my goals. Had a great conversation with friends. I felt quite stressed at work. Today was a good day. Things didn't go as planned.","Had a great conversation with friends.",2,0.41330540808849,0.0183640837203711,0.566734082764015,0.490063453093171,0.87867402122356,"2023","01","11",18
"20230111_1",2023-01-11,"Spent time reflecting on my goals. Had a great conversation with friends. I felt quite stressed at work. Today was a good day. Things didn't go as planned.","I felt quite stressed at work.",3,0.812852687900886,0.854099977528676,0.367895947769284,0.873949912842363,0.151338171446696,"2023","01","11",16
"20230111_1",2023-01-11,"Spent time reflecting on my goals. Had a great conversation with friends. I felt quite stressed at work. Today was a good day. Things didn't go as planned.","Today was a good day.",4,0.28181166970171,0.666705157840624,0.977383576799184,0.582739736652002,0.526590079534799,"2023","01","11",16
"20230111_1",2023-01-11,"Spent time reflecting on my goals. Had a great conversation with friends. I felt quite stressed at work. Today was a good day. Things didn't go as planned.","Things didn't go as planned.",5,0.0607822248712182,0.969038863666356,0.120237128576264,0.0883633010089397,0.880764114903286,"2023","01","11",10
"20230111_2",2023-01-11,"Made significant progress on my project. Had a great conversation with friends.","Made significant progress on my project.",1,0.0319716280791909,0.237229697406292,0.686490351101384,0.225818423321471,0.318494588136673,"2023","01","11",19
"20230111_2",2023-01-11,"Made significant progress on my project. Had a great conversation with friends.","Had a great conversation with friends.",2,0.173983816755936,0.801429583691061,0.14628205797635,0.822717391652986,0.330997828627005,"2023","01","11",22
"20230112_1",2023-01-12,"I felt quite stressed at work. The meeting went better than expected. Things didn't go as planned. Spent time reflecting on my goals.","I felt quite stressed at work.",1,0.891896122600883,0.754865453578532,0.979203730123118,0.0441470679361373,0.90340088470839,"2023","01","12",19
"20230112_1",2023-01-12,"I felt quite stressed at work. The meeting went better than expected. Things didn't go as planned. Spent time reflecting on my goals.","The meeting went better than expected.",2,0.865500814048573,0.775407591369003,0.376816416857764,0.042108048684895,0.364411081653088,"2023","01","12",18
"20230112_1",2023-01-12,"I felt quite stressed at work. The meeting went better than expected. Things didn't go as planned. Spent time reflecting on my goals.","Things didn't go as planned.",3,0.273751269793138,0.85046748071909,0.362401712452993,0.304477790603414,0.759135339409113,"2023","01","12",20
"20230112_1",2023-01-12,"I felt quite stressed at work. The meeting went better than expected. Things didn't go as planned. Spent time reflecting on my goals.","Spent time reflecting on my goals.",4,0.844834624323994,0.45792156108655,0.72963166446425,0.104078636039048,0.219983177725226,"2023","01","12",8
"20230112_2",2023-01-12,"Things didn't go as planned. Spent time reflecting on my goals. Had a great conversation with friends. Taking time for self-care really helped.","Things didn't go as planned.",1,0.798823557794094,0.888408650411293,0.385191593319178,0.0903220842592418,0.625743637094274,"2023","01","12",20
"20230112_2",2023-01-12,"Things didn't go as planned. Spent time reflecting on my goals. Had a great conversation with friends. Taking time for self-care really helped.","Spent time reflecting on my goals.",2,0.745636217296124,0.085378457326442,0.300517611205578,0.614562157308683,0.752932057948783,"2023","01","12",16
"20230112_2",2023-01-12,"Things didn't go as planned. Spent time reflecting on my goals. Had a great conversation with friends. Taking time for self-care really helped.","Had a great conversation with friends.",3,0.91705713304691,0.475750505691394,0.567119466140866,0.736620346084237,0.857447424437851,"2023","01","12",16
"20230112_2",2023-01-12,"Things didn't go as planned. Spent time reflecting on my goals. Had a great conversation with friends. Taking time for self-care really helped.","Taking time for self-care really helped.",4,0.909146504476666,0.0563822253607213,0.502908304100856,0.350544773042202,0.845556122949347,"2023","01","12",22
"20230113_1",2023-01-13,"The weather was beautiful. Today was a good day. Made significant progress on my project.","The weather was beautiful.",1,0.157167825149372,0.647057350026444,0.173517746152356,0.0200740091968328,0.521313846344128,"2023","01","13",19
"20230113_1",2023-01-13,"The weather was beautiful. Today was a good day. Made significant progress on my project.","Today was a good day.",2,0.0862778932787478,0.283002346055582,0.420434901025146,0.587278124177828,0.806694429600611,"2023","01","13",21
"20230113_1",2023-01-13,"The weather was beautiful. Today was a good day. Made significant progress on my project.","Made significant progress on my project.",3,0.201995208859444,0.459424671716988,0.448143113870174,0.733747758204117,0.714754810556769,"2023","01","13",10
"20230113_2",2023-01-13,"Things didn't go as planned. Today was a good day. Taking time for self-care really helped. The weather was beautiful.","Things didn't go as planned.",1,0.479271559976041,0.253820796497166,0.0397806370165199,0.634800509782508,0.539560914039612,"2023","01","13",11
"20230113_2",2023-01-13,"Things didn't go as planned. Today was a good day. Taking time for self-care really helped. The weather was beautiful.","Today was a good day.",2,0.140103549929336,0.283711776835844,0.583030595211312,0.165025892201811,0.0963011106941849,"2023","01","13",14
"20230113_2",2023-01-13,"Things didn't go as planned. Today was a good day. Taking time for self-care really helped. The weather was beautiful.","Taking time for self-care really helped.",3,0.428613091353327,0.355761565733701,0.844933539861813,0.260132473660633,0.023144492181018,"2023","01","13",18
"20230113_2",2023-01-13,"Things didn't go as planned. Today was a good day. Taking time for self-care really helped. The weather was beautiful.","The weather was beautiful.",4,0.862399539677426,0.334587961202487,0.631788871716708,0.546426258748397,0.376444493187591,"2023","01","13",22
"20230113_3",2023-01-13,"Things didn't go as planned. Spent time reflecting on my goals. Today was a good day.","Things didn't go as planned.",1,0.384456615662202,0.00683350884355605,0.00368422758765519,0.994936440140009,0.107886880170554,"2023","01","13",16
"20230113_3",2023-01-13,"Things didn't go as planned. Spent time reflecting on my goals. Today was a good day.","Spent time reflecting on my goals.",2,0.41866915835999,0.717884546611458,0.742539132246748,0.871998823713511,0.607867961050943,"2023","01","13",17
"20230113_3",2023-01-13,"Things didn't go as planned. Spent time reflecting on my goals. Today was a good day.","Today was a good day.",3,0.756203351309523,0.847241298062727,0.612779648974538,0.793224167777225,0.0228546834550798,"2023","01","13",21
"20230114_1",2023-01-14,"The meeting went better than expected. Made significant progress on my project.","The meeting went better than expected.",1,0.315812789136544,0.804256279254332,0.988963411189616,0.322385551873595,0.00119162839837372,"2023","01","14",15
"20230114_1",2023-01-14,"The meeting went better than expected. Made significant progress on my project.","Made significant progress on my project.",2,0.992170619312674,0.148352391785011,0.0493642971850932,0.597353482618928,0.321328443475068,"2023","01","14",10
"20230114_2",2023-01-14,"Today was a good day. Things didn't go as planned. Feeling optimistic about the future. I felt quite stressed at work.","Today was a good day.",1,0.277769317384809,0.249406585237011,0.159435480134562,0.0716300560161471,0.557437583105639,"2023","01","14",18
"20230114_2",2023-01-14,"Today was a good day. Things didn't go as planned. Feeling optimistic about the future. I felt quite stressed at work.","Things didn't go as planned.",2,0.48983705160208,0.494292361894622,0.888371585169807,0.0367043598089367,0.203743813559413,"2023","01","14",13
"20230114_2",2023-01-14,"Today was a good day. Things didn't go as planned. Feeling optimistic about the future. I felt quite stressed at work.","Feeling optimistic about the future.",3,0.513781139161438,0.236339889001101,0.575435669859871,0.482257911469787,0.569352688733488,"2023","01","14",8
"20230114_2",2023-01-14,"Today was a good day. Things didn't go as planned. Feeling optimistic about the future. I felt quite stressed at work.","I felt quite stressed at work.",4,0.144152315100655,0.145708762574941,0.412283112993464,0.6830102824606,0.653427820419893,"2023","01","14",16
"20230114_3",2023-01-14,"The meeting went better than expected. Spent time reflecting on my goals. Today was a good day. Taking time for self-care really helped.","The meeting went better than expected.",1,0.250778533983976,0.331546991597861,0.407269289949909,0.6353675769642,0.808612044900656,"2023","01","14",16
"20230114_3",2023-01-14,"The meeting went better than expected. Spent time reflecting on my goals. Today was a good day. Taking time for self-care really helped.","Spent time reflecting on my goals.",2,0.258801201358438,0.819467139896005,0.0154776689596474,0.654400766594335,0.811719584278762,"2023","01","14",14
"20230114_3",2023-01-14,"The meeting went better than expected. Spent time reflecting on my goals. Today was a good day. Taking time for self-care really helped.","Today was a good day.",3,0.461368926800787,0.203417101642117,0.0187682171817869,0.283132697222754,0.915272625628859,"2023","01","14",15
"20230114_3",2023-01-14,"The meeting went better than expected. Spent time reflecting on my goals. Today was a good day. Taking time for self-care really helped.","Taking time for self-care really helped.",4,0.933696520514786,0.542531613726169,0.219422545982525,0.489427804015577,0.801148736150935,"2023","01","14",8
"20230115_1",2023-01-15,"Had a great conversation with friends. The meeting went better than expected.","Had a great conversation with friends.",1,0.121272054268047,0.046993680531159,0.262796304188669,0.968641167972237,0.488495482364669,"2023","01","15",17
"20230115_1",2023-01-15,"Had a great conversation with friends. The meeting went better than expected.","The meeting went better than expected.",2,0.477822029730305,0.748792881146073,0.667640231316909,0.0494155967608094,0.695105244405568,"2023","01","15",15
"20230115_2",2023-01-15,"Made significant progress on my project. The weather was beautiful. Things didn't go as planned. Taking time for self-care really helped.","Made significant progress on my project.",1,0.58990162378177,0.561675608856604,0.688721120124683,0.311270809033886,0.605586841469631,"2023","01","15",9
"20230115_2",2023-01-15,"Made significant progress on my project. The weather was beautiful. Things didn't go as planned. Taking time for self-care really helped.","The weather was beautiful.",2,0.991034318925813,0.743204915197566,0.0758571303449571,0.451168906409293,0.0535369345452636,"2023","01","15",15
"20230115_2",2023-01-15,"Made significant progress on my project. The weather was beautiful. Things didn't go as planned. Taking time for self-care really helped.","Things didn't go as planned.",3,0.33955551404506,0.73395214881748,0.00410694046877325,0.771909482311457,0.462975211208686,"2023","01","15",13
"20230115_2",2023-01-15,"Made significant progress on my project. The weather was beautiful. Things didn't go as planned. Taking time for self-care really helped.","Taking time for self-care really helped.",4,0.720840350026265,0.666505717206746,0.572073720628396,0.703812950057909,0.65722106047906,"2023","01","15",16
"20230115_3",2023-01-15,"Feeling optimistic about the future. I felt quite stressed at work. Today was a good day. Had a great conversation with friends.","Feeling optimistic about the future.",1,0.119928880827501,0.550259046489373,0.262756277807057,0.898360831197351,0.00917994580231607,"2023","01","15",9
"20230115_3",2023-01-15,"Feeling optimistic about the future. I felt quite stressed at work. Today was a good day. Had a great conversation with friends.","I felt quite stressed at work.",2,0.236234935931861,0.130044595338404,0.326233146712184,0.72639888827689,0.991745235398412,"2023","01","15",14
"20230115_3",2023-01-15,"Feeling optimistic about the future. I felt quite stressed at work. Today was a good day. Had a great conversation with friends.","Today was a good day.",3,0.715133527759463,0.504439810989425,0.436047671828419,0.948825250612572,0.120181487640366,"2023","01","15",14
"20230115_3",2023-01-15,"Feeling optimistic about the future. I felt quite stressed at work. Today was a good day. Had a great conversation with friends.","Had a great conversation with friends.",4,0.0751451766118407,0.889021492796019,0.424452095059678,0.0423606787808239,0.647442143643275,"2023","01","15",19
"20230116_1",2023-01-16,"Feeling optimistic about the future. Spent time reflecting on my goals.","Feeling optimistic about the future.",1,0.548032287508249,0.140646189451218,0.16976905008778,0.761985323159024,0.527394940610975,"2023","01","16",16
"20230116_1",2023-01-16,"Feeling optimistic about the future. Spent time reflecting on my goals.","Spent time reflecting on my goals.",2,0.860989357577637,0.67355498787947,0.0130410296842456,0.693198901368305,0.89171373215504,"2023","01","16",10
"20230117_1",2023-01-17,"Feeling optimistic about the future. The meeting went better than expected. Spent time reflecting on my goals. I felt quite stressed at work. Had a great conversation with friends.","Feeling optimistic about the future.",1,0.669603545917198,0.546522794291377,0.811463657766581,0.759166802046821,0.0200684661976993,"2023","01","17",22
"20230117_1",2023-01-17,"Feeling optimistic about the future. The meeting went better than expected. Spent time reflecting on my goals. I felt quite stressed at work. Had a great conversation with friends.","The meeting went better than expected.",2,0.380903700133786,0.0508801136165857,0.797902937280014,0.923699213191867,0.542598370462656,"2023","01","17",10
"20230117_1",2023-01-17,"Feeling optimistic about the future. The meeting went better than expected. Spent time reflecting on my goals. I felt quite stressed at work. Had a great conversation with friends.","Spent time reflecting on my goals.",3,0.852364600170404,0.583562863292173,0.668323643505573,0.511314596515149,0.762750589288771,"2023","01","17",12
"20230117_1",2023-01-17,"Feeling optimistic about the future. The meeting went better than expected. Spent time reflecting on my goals. I felt quite stressed at work. Had a great conversation with friends.","I felt quite stressed at work.",4,0.90336228790693,0.820474512176588,0.071431849617511,0.00389634305611253,0.0521986158564687,"2023","01","17",21
"20230117_1",2023-01-17,"Feeling optimistic about the future. The meeting went better than expected. Spent time reflecting on my goals. I felt quite stressed at work. Had a great conversation with friends.","Had a great conversation with friends.",5,0.866560179740191,0.576245168922469,0.313842572038993,0.959465783787891,0.591193757019937,"2023","01","17",21
"20230118_1",2023-01-18,"The weather was beautiful. Spent time reflecting on my goals. The meeting went better than expected.","The weather was beautiful.",1,0.137243617558852,0.784931556321681,0.886862571584061,0.20409588329494,0.770622961455956,"2023","01","18",9
"20230118_1",2023-01-18,"The weather was beautiful. Spent time reflecting on my goals. The meeting went better than expected.","Spent time reflecting on my goals.",2,0.596362960757688,0.957669742405415,0.158688397612423,0.525974274147302,0.873151367530227,"2023","01","18",19
"20230118_1",2023-01-18,"The weather was beautiful. Spent time reflecting on my goals. The meeting went better than expected.","The meeting went better than expected.",3,0.869706070283428,0.0236886432394385,0.975889693479985,0.490224198205397,0.389170323032886,"2023","01","18",11
"20230118_2",2023-01-18,"Taking time for self-care really helped. I felt quite stressed at work.","Taking time for self-care really helped.",1,0.415257453219965,0.304052469087765,0.560280537465587,0.155874150572345,0.95657976414077,"2023","01","18",17
"20230118_2",2023-01-18,"Taking time for self-care really helped. I felt quite stressed at work.","I felt quite stressed at work.",2,0.0439666253514588,0.372157742734998,0.962615341413766,0.645427515730262,0.0612626143265516,"2023","01","18",8
"20230118_3",2023-01-18,"The meeting went better than expected. Made significant progress on my project. Today was a good day. Taking time for self-care really helped.","The meeting went better than expected.",1,0.139977931044996,0.907946400810033,0.569443274755031,0.54828057391569,0.116827622521669,"2023","01","18",17
"20230118_3",2023-01-18,"The meeting went better than expected. Made significant progress on my project. Today was a good day. Taking time for self-care really helped.","Made significant progress on my project.",2,0.762028332334012,0.478369446704164,0.78196891467087,0.0460265486035496,0.819844667799771,"2023","01","18",12
"20230118_3",2023-01-18,"The meeting went better than expected. Made significant progress on my project. Today was a good day. Taking time for self-care really helped.","Today was a good day.",3,0.269408447435126,0.282850414514542,0.643221559468657,0.948118837783113,0.00699845445342362,"2023","01","18",17
"20230118_3",2023-01-18,"The meeting went better than expected. Made significant progress on my project. Today was a good day. Taking time for self-care really helped.","Taking time for self-care really helped.",4,0.351617672014982,0.419045724906027,0.457876797067001,0.711692579323426,0.919848057674244,"2023","01","18",15
"20230119_1",2023-01-19,"Today was a good day. Things didn't go as planned. Feeling optimistic about the future.","Today was a good day.",1,0.223780001047999,0.572148679522797,0.400169178377837,0.565465380670503,0.829623878700659,"2023","01","19",12
"20230119_1",2023-01-19,"Today was a good day. Things didn't go as planned. Feeling optimistic about the future.","Things didn't go as planned.",2,0.64211381948553,0.391498751705512,0.709579854737967,0.108824073104188,0.273622734239325,"2023","01","19",13
"20230119_1",2023-01-19,"Today was a good day. Things didn't go as planned. Feeling optimistic about the future.","Feeling optimistic about the future.",3,0.593866932671517,0.160184813430533,0.853430238785222,0.847739157732576,0.477886812528595,"2023","01","19",16
"20230119_2",2023-01-19,"Made significant progress on my project. Spent time reflecting on my goals.","Made significant progress on my project.",1,0.185140318702906,0.506997726857662,0.019191030645743,0.773686039494351,0.55966507922858,"2023","01","19",10
"20230119_2",2023-01-19,"Made significant progress on my project. Spent time reflecting on my goals.","Spent time reflecting on my goals.",2,0.64146263920702,0.468432118650526,0.279223810648546,0.461216570343822,0.792738341726363,"2023","01","19",21
"20230119_3",2023-01-19,"Taking time for self-care really helped. Today was a good day. The meeting went better than expected. I felt quite stressed at work. Made significant progress on my project.","Taking time for self-care really helped.",1,0.447570141172037,0.130288136890158,0.62172598275356,0.547994283260778,0.149244213709608,"2023","01","19",19
"20230119_3",2023-01-19,"Taking time for self-care really helped. Today was a good day. The meeting went better than expected. I felt quite stressed at work. Made significant progress on my project.","Today was a good day.",2,0.559545869240537,0.42688557645306,0.447730098385364,0.833294771611691,0.719587282743305,"2023","01","19",8
"20230119_3",2023-01-19,"Taking time for self-care really helped. Today was a good day. The meeting went better than expected. I felt quite stressed at work. Made significant progress on my project.","The meeting went better than expected.",3,0.456886755535379,0.521264262963086,0.24245707760565,0.0758608346804976,0.391295091249049,"2023","01","19",16
"20230119_3",2023-01-19,"Taking time for self-care really helped. Today was a good day. The meeting went better than expected. I felt quite stressed at work. Made significant progress on my project.","I felt quite stressed at work.",4,0.0131082159932703,0.867499468615279,0.992615673691034,0.7088553882204,0.826715490315109,"2023","01","19",19
"20230119_3",2023-01-19,"Taking time for self-care really helped. Today was a good day. The meeting went better than expected. I felt quite stressed at work. Made significant progress on my project.","Made significant progress on my project.",5,0.891896269517019,0.53941073268652,0.555313591845334,0.276439883746207,0.659197925822809,"2023","01","19",20
"20230120_1",2023-01-20,"The weather was beautiful. Things didn't go as planned. I felt quite stressed at work. Spent time reflecting on my goals. Today was a good day.","The weather was beautiful.",1,0.974163694074377,0.561963158892468,0.788409381639212,0.848914084257558,0.878041774732992,"2023","01","20",9
"20230120_1",2023-01-20,"The weather was beautiful. Things didn't go as planned. I felt quite stressed at work. Spent time reflecting on my goals. Today was a good day.","Things didn't go as planned.",2,0.800476373871788,0.640148486476392,0.628927760757506,0.271409004693851,0.0299398254137486,"2023","01","20",8
"20230120_1",2023-01-20,"The weather was beautiful. Things didn't go as planned. I felt quite stressed at work. Spent time reflecting on my goals. Today was a good day.","I felt quite stressed at work.",3,0.41986421495676,0.35543467104435,0.392331253970042,0.171936832368374,0.319642119342461,"2023","01","20",15
"20230120_1",2023-01-20,"The weather was beautiful. Things didn't go as planned. I felt quite stressed at work. Spent time reflecting on my goals. Today was a good day.","Spent time reflecting on my goals.",4,0.413555064238608,0.759335696697235,0.271890205098316,0.115582457045093,0.0293366149999201,"2023","01","20",16
"20230120_1",2023-01-20,"The weather was beautiful. Things didn't go as planned. I felt quite stressed at work. Spent time reflecting on my goals. Today was a good day.","Today was a good day.",5,0.806855297880247,0.480126436566934,0.806247940286994,0.0790056816767901,0.115337409544736,"2023","01","20",22
"20230120_2",2023-01-20,"I felt quite stressed at work. Taking time for self-care really helped. The weather was beautiful.","I felt quite stressed at work.",1,0.288690108573064,0.199911774368957,0.800917848711833,0.727762710303068,0.217047974700108,"2023","01","20",9
"20230120_2",2023-01-20,"I felt quite stressed at work. Taking time for self-care really helped. The weather was beautiful.","Taking time for self-care really helped.",2,0.744238505372778,0.866653708275408,0.52940575638786,0.598638546885923,0.937632332323119,"2023","01","20",22
"20230120_2",2023-01-20,"I felt quite stressed at work. Taking time for self-care really helped. The weather was beautiful.","The weather was beautiful.",3,0.950724098365754,0.660532301291823,0.0722865809220821,0.826331578660756,0.47954407799989,"2023","01","20",19
"20230121_1",2023-01-21,"I felt quite stressed at work. Things didn't go as planned. The meeting went better than expected. The weather was beautiful. Had a great conversation with friends.","I felt quite stressed at work.",1,0.718611745163798,0.313517895527184,0.138390127336606,0.0580306977499276,0.931099641136825,"2023","01","21",18
"20230121_1",2023-01-21,"I felt quite stressed at work. Things didn't go as planned. The meeting went better than expected. The weather was beautiful. Had a great conversation with friends.","Things didn't go as planned.",2,0.568338012089953,0.117770360549912,0.564794481499121,0.540256182895973,0.819682518485934,"2023","01","21",10
"20230121_1",2023-01-21,"I felt quite stressed at work. Things didn't go as planned. The meeting went better than expected. The weather was beautiful. Had a great conversation with friends.","The meeting went better than expected.",3,0.70297950389795,0.567748373607174,0.721309266285971,0.752444213489071,0.381422596750781,"2023","01","21",13
"20230121_1",2023-01-21,"I felt quite stressed at work. Things didn't go as planned. The meeting went better than expected. The weather was beautiful. Had a great conversation with friends.","The weather was beautiful.",4,0.28801028127782,0.531683327164501,0.259646071353927,0.83179031778127,0.405363884754479,"2023","01","21",8
"20230121_1",2023-01-21,"I felt quite stressed at work. Things didn't go as planned. The meeting went better than expected. The weather was beautiful. Had a great conversation with friends.","Had a great conversation with friends.",5,0.0726319255772978,0.953758624615148,0.217183782951906,0.405625266721472,0.62566831544973,"2023","01","21",14
"20230121_2",2023-01-21,"Spent time reflecting on my goals. Made significant progress on my project. Taking time for self-care really helped. The meeting went better than expected. Today was a good day.","Spent time reflecting on my goals.",1,0.528765395982191,0.371978746028617,0.0658083211164922,0.854369923705235,0.510411301394925,"2023","01","21",9
"20230121_2",2023-01-21,"Spent time reflecting on my goals. Made significant progress on my project. Taking time for self-care really helped. The meeting went better than expected. Today was a good day.","Made significant progress on my project.",2,0.20999805862084,0.375843436690047,0.207365499809384,0.459240817232057,0.241502250079066,"2023","01","21",12
"20230121_2",2023-01-21,"Spent time reflecting on my goals. Made significant progress on my project. Taking time for self-care really helped. The meeting went better than expected. Today was a good day.","Taking time for self-care really helped.",3,0.118690322386101,0.0724691497161984,0.690989849856123,0.286957619246095,0.149412495549768,"2023","01","21",18
"20230121_2",2023-01-21,"Spent time reflecting on my goals. Made significant progress on my project. Taking time for self-care really helped. The meeting went better than expected. Today was a good day.","The meeting went better than expected.",4,0.972432009177282,0.410514390328899,0.401813854230568,0.648556348634884,0.916305739665404,"2023","01","21",17
"20230121_2",2023-01-21,"Spent time reflecting on my goals. Made significant progress on my project. Taking time for self-care really helped. The meeting went better than expected. Today was a good day.","Today was a good day.",5,0.216662138933316,0.547998871887103,0.720050457865,0.397246005246416,0.0940013926010579,"2023","01","21",18
"20230121_3",2023-01-21,"The weather was beautiful. Feeling optimistic about the future.","The weather was beautiful.",1,0.679022809490561,0.866189130349085,0.79969711555168,0.134996398352087,0.387498257681727,"2023","01","21",10
"20230121_3",2023-01-21,"The weather was beautiful. Feeling optimistic about the future.","Feeling optimistic about the future.",2,0.788471929030493,0.692913666600361,0.59427297138609,0.123857651371509,0.55507810274139,"2023","01","21",22
"20230122_1",2023-01-22,"Made significant progress on my project. The meeting went better than expected. Had a great conversation with friends. The weather was beautiful. Feeling optimistic about the future.","Made significant progress on my project.",1,0.85859140730463,0.887384754605591,0.48909149854444,0.718091808957979,0.486705572577193,"2023","01","22",14
"20230122_1",2023-01-22,"Made significant progress on my project. The meeting went better than expected. Had a great conversation with friends. The weather was beautiful. Feeling optimistic about the future.","The meeting went better than expected.",2,0.988708860939369,0.0647511295974255,0.157662777928635,0.785348618403077,0.542188289808109,"2023","01","22",9
"20230122_1",2023-01-22,"Made significant progress on my project. The meeting went better than expected. Had a great conversation with friends. The weather was beautiful. Feeling optimistic about the future.","Had a great conversation with friends.",3,0.416547345230356,0.998882649000734,0.255673117004335,0.507875671144575,0.0789711775723845,"2023","01","22",15
"20230122_1",2023-01-22,"Made significant progress on my project. The meeting went better than expected. Had a great conversation with friends. The weather was beautiful. Feeling optimistic about the future.","The weather was beautiful.",4,0.813668364426121,0.382179160136729,0.802182707935572,0.197923636762425,0.946399770211428,"2023","01","22",10
"20230122_1",2023-01-22,"Made significant progress on my project. The meeting went better than expected. Had a great conversation with friends. The weather was beautiful. Feeling optimistic about the future.","Feeling optimistic about the future.",5,0.345672474242747,0.522050247294828,0.111688006436452,0.885974851204082,0.95425497321412,"2023","01","22",11
"20230123_1",2023-01-23,"Today was a good day. Things didn't go as planned. Had a great conversation with friends.","Today was a good day.",1,0.0431172808166593,0.110678787576035,0.703753812005743,0.939021238824353,0.311169018037617,"2023","01","23",10
"20230123_1",2023-01-23,"Today was a good day. Things didn't go as planned. Had a great conversation with friends.","Things didn't go as planned.",2,0.0784929301589727,0.321744091343135,0.624905536882579,0.440241849515587,0.801345300627872,"2023","01","23",10
"20230123_1",2023-01-23,"Today was a good day. Things didn't go as planned. Had a great conversation with friends.","Had a great conversation with friends.",3,0.279283805051818,0.570713193388656,0.0421280120499432,0.190717455465347,0.727086470695212,"2023","01","23",9
"20230123_2",2023-01-23,"Made significant progress on my project. Today was a good day. The weather was beautiful.","Made significant progress on my project.",1,0.244570682058111,0.98154315748252,0.57758127944544,0.24872636445798,0.614953953772783,"2023","01","23",20
"20230123_2",2023-01-23,"Made significant progress on my project. Today was a good day. The weather was beautiful.","Today was a good day.",2,0.0317573207430542,0.146423544269055,0.703072973992676,0.065560708520934,0.621807062299922,"2023","01","23",20
"20230123_2",2023-01-23,"Made significant progress on my project. Today was a good day. The weather was beautiful.","The weather was beautiful.",3,0.937327365390956,0.0878946147859097,0.972803509328514,0.0260107105132192,0.725227952003479,"2023","01","23",11
"20230123_3",2023-01-23,"I felt quite stressed at work. Spent time reflecting on my goals. Made significant progress on my project. Things didn't go as planned.","I felt quite stressed at work.",1,0.311028405791149,0.392196484608576,0.202087455429137,0.852780389599502,0.606830150820315,"2023","01","23",11
"20230123_3",2023-01-23,"I felt quite stressed at work. Spent time reflecting on my goals. Made significant progress on my project. Things didn't go as planned.","Spent time reflecting on my goals.",2,0.75609801383689,0.562516808742657,0.275899012805894,0.735558403655887,0.549279793864116,"2023","01","23",13
"20230123_3",2023-01-23,"I felt quite stressed at work. Spent time reflecting on my goals. Made significant progress on my project. Things didn't go as planned.","Made significant progress on my project.",3,0.346127043943852,0.514965634793043,0.815767947584391,0.526272569317371,0.203040049877018,"2023","01","23",13
"20230123_3",2023-01-23,"I felt quite stressed at work. Spent time reflecting on my goals. Made significant progress on my project. Things didn't go as planned.","Things didn't go as planned.",4,0.848107680445537,0.370494215050712,0.303325170883909,0.770597046939656,0.733448554994538,"2023","01","23",10
"20230124_1",2023-01-24,"The weather was beautiful. I felt quite stressed at work. Taking time for self-care really helped.","The weather was beautiful.",1,0.0996219362132251,0.203785905148834,0.365980138303712,0.846195757621899,0.236872595502064,"2023","01","24",16
"20230124_1",2023-01-24,"The weather was beautiful. I felt quite stressed at work. Taking time for self-care really helped.","I felt quite stressed at work.",2,0.704877850599587,0.107608830789104,0.779068868607283,0.25510568334721,0.548043326009065,"2023","01","24",12
"20230124_1",2023-01-24,"The weather was beautiful. I felt quite stressed at work. Taking time for self-care really helped.","Taking time for self-care really helped.",3,0.0339015207719058,0.806109476136044,0.337752807186916,0.916285858023912,0.357106417883188,"2023","01","24",12
"20230124_2",2023-01-24,"Made significant progress on my project. Had a great conversation with friends. The meeting went better than expected.","Made significant progress on my project.",1,0.641473200637847,0.512574971653521,0.320352118229493,0.58143315766938,0.617344408296049,"2023","01","24",15
"20230124_2",2023-01-24,"Made significant progress on my project. Had a great conversation with friends. The meeting went better than expected.","Had a great conversation with friends.",2,0.438274537678808,0.170368980616331,0.715080496622249,0.747786548687145,0.843914708122611,"2023","01","24",12
"20230124_2",2023-01-24,"Made significant progress on my project. Had a great conversation with friends. The meeting went better than expected.","The meeting went better than expected.",3,0.534759046975523,0.302235261537135,0.456518182065338,0.384342534467578,0.249046854674816,"2023","01","24",12
"20230124_3",2023-01-24,"Today was a good day. Feeling optimistic about the future. The weather was beautiful.","Today was a good day.",1,0.536359930876642,0.597451866604388,0.0248982694465667,0.00484173954464495,0.131378254387528,"2023","01","24",10
"20230124_3",2023-01-24,"Today was a good day. Feeling optimistic about the future. The weather was beautiful.","Feeling optimistic about the future.",2,0.0248171037528664,0.0921294519212097,0.475558224134147,0.196656761225313,0.814673948567361,"2023","01","24",19
"20230124_3",2023-01-24,"Today was a good day. Feeling optimistic about the future. The weather was beautiful.","The weather was beautiful.",3,0.244059228105471,0.488807637942955,0.648882479639724,0.158716470003128,0.836977910948917,"2023","01","24",21
"20230125_1",2023-01-25,"I felt quite stressed at work. Spent time reflecting on my goals. Made significant progress on my project. The meeting went better than expected.","I felt quite stressed at work.",1,0.339221504982561,0.18390193884261,0.405541522195563,0.613559618359432,0.685671334387735,"2023","01","25",14
"20230125_1",2023-01-25,"I felt quite stressed at work. Spent time reflecting on my goals. Made significant progress on my project. The meeting went better than expected.","Spent time reflecting on my goals.",2,0.823525600135326,0.373982113786042,0.952841004589573,0.0188321589957923,0.61237497231923,"2023","01","25",21
"20230125_1",2023-01-25,"I felt quite stressed at work. Spent time reflecting on my goals. Made significant progress on my project. The meeting went better than expected.","Made significant progress on my project.",3,0.463573763845488,0.354729620506987,0.882423028815538,0.075802858453244,0.88329119165428,"2023","01","25",8
"20230125_1",2023-01-25,"I felt quite stressed at work. Spent time reflecting on my goals. Made significant progress on my project. The meeting went better than expected.","The meeting went better than expected.",4,0.188221835764125,0.215066746808589,0.869532291544601,0.0608380562625825,0.234899600734934,"2023","01","25",20
"20230126_1",2023-01-26,"Spent time reflecting on my goals. Today was a good day. Made significant progress on my project. The meeting went better than expected.","Spent time reflecting on my goals.",1,0.46600366407074,0.053259436506778,0.23719791835174,0.233239737572148,0.230653600767255,"2023","01","26",9
"20230126_1",2023-01-26,"Spent time reflecting on my goals. Today was a good day. Made significant progress on my project. The meeting went better than expected.","Today was a good day.",2,0.0617262739688158,0.497118609258905,0.24412508867681,0.758185538928956,0.547302677528933,"2023","01","26",8
"20230126_1",2023-01-26,"Spent time reflecting on my goals. Today was a good day. Made significant progress on my project. The meeting went better than expected.","Made significant progress on my project.",3,0.948066896293312,0.0861721923574805,0.947882584994659,0.722398868063465,0.922004604712129,"2023","01","26",20
"20230126_1",2023-01-26,"Spent time reflecting on my goals. Today was a good day. Made significant progress on my project. The meeting went better than expected.","The meeting went better than expected.",4,0.613840943668038,0.160966501338407,0.18294069217518,0.730183562031016,0.589525650488213,"2023","01","26",18
"20230126_2",2023-01-26,"Things didn't go as planned. Spent time reflecting on my goals. Taking time for self-care really helped. The meeting went better than expected.","Things didn't go as planned.",1,0.415722651407123,0.932572785299271,0.4626988414675,0.0993463299237192,0.465449363226071,"2023","01","26",21
"20230126_2",2023-01-26,"Things didn't go as planned. Spent time reflecting on my goals. Taking time for self-care really helped. The meeting went better than expected.","Spent time reflecting on my goals.",2,0.984083857620135,0.925272865919396,0.43539876351133,0.869720715796575,0.300354171777144,"2023","01","26",15
"20230126_2",2023-01-26,"Things didn't go as planned. Spent time reflecting on my goals. Taking time for self-care really helped. The meeting went better than expected.","Taking time for self-care really helped.",3,0.797972631175071,0.800510711967945,0.386925696162507,0.38158969511278,0.645515614189208,"2023","01","26",8
"20230126_2",2023-01-26,"Things didn't go as planned. Spent time reflecting on my goals. Taking time for self-care really helped. The meeting went better than expected.","The meeting went better than expected.",4,0.861667454242706,0.656632670899853,0.516326073557138,0.148781583411619,0.612765902886167,"2023","01","26",9
"20230126_3",2023-01-26,"Feeling optimistic about the future. Today was a good day. Spent time reflecting on my goals. Made significant progress on my project.","Feeling optimistic about the future.",1,0.442481933394447,0.500671699177474,0.270243100356311,0.598802149062976,0.73583762627095,"2023","01","26",17
"20230126_3",2023-01-26,"Feeling optimistic about the future. Today was a good day. Spent time reflecting on my goals. Made significant progress on my project.","Today was a good day.",2,0.713577811839059,0.116492936853319,0.57512061833404,0.798131987219676,0.231823796639219,"2023","01","26",9
"20230126_3",2023-01-26,"Feeling optimistic about the future. Today was a good day. Spent time reflecting on my goals. Made significant progress on my project.","Spent time reflecting on my goals.",3,0.724855825537816,0.838023197837174,0.118838570779189,0.958950396627188,0.747764584375545,"2023","01","26",20
"20230126_3",2023-01-26,"Feeling optimistic about the future. Today was a good day. Spent time reflecting on my goals. Made significant progress on my project.","Made significant progress on my project.",4,0.810889478772879,0.189917723415419,0.0259687774814665,0.863782292231917,0.919179865391925,"2023","01","26",13
"20230127_1",2023-01-27,"Taking time for self-care really helped. The meeting went better than expected. Had a great conversation with friends. Feeling optimistic about the future.","Taking time for self-care really helped.",1,0.725299363257363,0.470002647023648,0.999523977516219,0.845935791730881,0.828207303769886,"2023","01","27",20
"20230127_1",2023-01-27,"Taking time for self-care really helped. The meeting went better than expected. Had a great conversation with friends. Feeling optimistic about the future.","The meeting went better than expected.",2,0.761644344311208,0.112106491811574,0.838977019302547,0.813850524136797,0.991412194212899,"2023","01","27",19
"20230127_1",2023-01-27,"Taking time for self-care really helped. The meeting went better than expected. Had a great conversation with friends. Feeling optimistic about the future.","Had a great conversation with friends.",3,0.0483145248144865,0.746787912445143,0.419313521590084,0.58214389719069,0.83073406224139,"2023","01","27",10
"20230127_1",2023-01-27,"Taking time for self-care really helped. The meeting went better than expected. Had a great conversation with friends. Feeling optimistic about the future.","Feeling optimistic about the future.",4,0.0135306273587048,0.0115217631682754,0.996445707278326,0.76568966708146,0.314662610646337,"2023","01","27",15
"20230128_1",2023-01-28,"Feeling optimistic about the future. The weather was beautiful.","Feeling optimistic about the future.",1,0.437550728907809,0.938028261531144,0.98800330539234,0.456319560995325,0.230614943196997,"2023","01","28",18
"20230128_1",2023-01-28,"Feeling optimistic about the future. The weather was beautiful.","The weather was beautiful.",2,0.695489268517122,0.556632344610989,0.584710089489818,0.433631246909499,0.426175052765757,"2023","01","28",8
"20230129_1",2023-01-29,"Spent time reflecting on my goals. Today was a good day.","Spent time reflecting on my goals.",1,0.41998293553479,0.0207908488810062,0.380447969539091,0.422348427586257,0.191426063422114,"2023","01","29",21
"20230129_1",2023-01-29,"Spent time reflecting on my goals. Today was a good day.","Today was a good day.",2,0.705329281743616,0.0135204752441496,0.731203105766326,0.432724097976461,0.731240093009546,"2023","01","29",18
"20230130_1",2023-01-30,"The weather was beautiful. Feeling optimistic about the future. The meeting went better than expected.","The weather was beautiful.",1,0.694767313543707,0.899124485207722,0.414240285288543,0.411004703259096,0.250014989404008,"2023","01","30",13
"20230130_1",2023-01-30,"The weather was beautiful. Feeling optimistic about the future. The meeting went better than expected.","Feeling optimistic about the future.",2,0.373767039040104,0.231892732670531,0.931603164644912,0.47634475515224,0.0476650029886514,"2023","01","30",18
"20230130_1",2023-01-30,"The weather was beautiful. Feeling optimistic about the future. The meeting went better than expected.","The meeting went better than expected.",3,0.773531056009233,0.331117329420522,0.552876470610499,0.676330528920516,0.277334370883182,"2023","01","30",15
"20230130_2",2023-01-30,"Today was a good day. Feeling optimistic about the future. Made significant progress on my project. Things didn't go as planned. Had a great conversation with friends.","Today was a good day.",1,0.390331929083914,0.318499490851536,0.682575054233894,0.284614907577634,0.39009471423924,"2023","01","30",8
"20230130_2",2023-01-30,"Today was a good day. Feeling optimistic about the future. Made significant progress on my project. Things didn't go as planned. Had a great conversation with friends.","Feeling optimistic about the future.",2,0.990168560296297,0.792005731491372,0.312405151547864,0.817117730388418,0.22090977220796,"2023","01","30",11
"20230130_2",2023-01-30,"Today was a good day. Feeling optimistic about the future. Made significant progress on my project. Things didn't go as planned. Had a great conversation with friends.","Made significant progress on my project.",3,0.501073820283636,0.166972296312451,0.119659194489941,0.89760996773839,0.093714878661558,"2023","01","30",19
"20230130_2",2023-01-30,"Today was a good day. Feeling optimistic about the future. Made significant progress on my project. Things didn't go as planned. Had a great conversation with friends.","Things didn't go as planned.",4,0.865058556664735,0.276591463712975,0.0272836927324533,0.787384963361546,0.358660299796611,"2023","01","30",22
"20230130_2",2023-01-30,"Today was a good day. Feeling optimistic about the future. Made significant progress on my project. Things didn't go as planned. Had a great conversation with friends.","Had a great conversation with friends.",5,0.025102965766564,0.74609359796159,0.029625577153638,0.433864830993116,0.256626832997426,"2023","01","30",15
